{
    "best_coil_phase": [
        3.678168535232544,
        4.000283718109131,
        3.8554229736328125,
        1.33964204788208,
        2.0664496421813965,
        2.1504857540130615,
        2.5869407653808594,
        3.2089529037475586
    ],
    "best_coil_amplitude": [
        0.6516461372375488,
        0.3853006958961487,
        9.172469435725361e-05,
        0.5425041317939758,
        0.8655333518981934,
        0.9392455816268921,
        0.9764530658721924,
        0.7973732352256775
    ],
    "best_coil_config_cost": 6.788084983825684,
    "default_coil_config_cost": 1.61632239818573,
    "cost_improvement_absolute": -5.171762466430664,
    "cost_improvement_relative": 3.19970965385437,
    "cost_function_name": "B1HomogeneitySARCost",
    "cost_function_direction": "maximize",
    "simulation_data": "children_1_tubes_6_id_23713"
}