{
    "best_coil_phase": [
        1.5739405155181885,
        1.9563673734664917,
        2.318053960800171,
        2.484318494796753,
        0.449622243642807,
        6.062370300292969,
        0.3922431766986847,
        1.0595589876174927
    ],
    "best_coil_amplitude": [
        0.9992848038673401,
        0.8699706196784973,
        0.8351557850837708,
        0.5474147796630859,
        0.0001400818582624197,
        0.30959880352020264,
        0.7338576912879944,
        0.930868923664093
    ],
    "best_coil_config_cost": 7.138883590698242,
    "default_coil_config_cost": 1.61632239818573,
    "cost_improvement_absolute": -5.522561073303223,
    "cost_improvement_relative": 3.4167447090148926,
    "cost_function_name": "B1HomogeneitySARCost",
    "cost_function_direction": "maximize",
    "simulation_data": "children_1_tubes_6_id_23713"
}