{
    "best_coil_phase": [
        5.856965832216526,
        0.5604423709068578,
        1.2877540112818457,
        2.0279806554103237,
        2.8450521413691146,
        3.552899450298019,
        4.270230850330734,
        5.086079620818117
    ],
    "best_coil_amplitude": [
        0.8621239412738415,
        0.7724209516326294,
        0.9833827696724307,
        0.9206286877375068,
        0.9479531980829147,
        0.955591196468326,
        0.9949850007502344,
        0.8901908851583028
    ],
    "best_coil_config_cost": 2.239898722621185,
    "default_coil_config_cost": 1.6072452649981483,
    "cost_improvement_absolute": -0.6326534576230365,
    "cost_improvement_relative": 0.3936259582782254,
    "cost_function_name": "B1HomogeneityCost",
    "cost_function_direction": "maximize",
    "simulation_data": "children_1_tubes_6_id_23713"
}