{
    "best_coil_phase": [
        3.810856580734253,
        4.818865776062012,
        5.810261249542236,
        0.12925496697425842,
        1.020050048828125,
        1.391370177268982,
        2.052793264389038,
        3.111788749694824
    ],
    "best_coil_amplitude": [
        0.8445888757705688,
        0.7610094547271729,
        0.9992486834526062,
        0.9372096657752991,
        0.9040090441703796,
        0.8789636492729187,
        0.9374843835830688,
        0.8397312760353088
    ],
    "best_coil_config_cost": 7.415584087371826,
    "default_coil_config_cost": 1.61632239818573,
    "cost_improvement_absolute": -5.799261569976807,
    "cost_improvement_relative": 3.5879361629486084,
    "cost_function_name": "B1HomogeneitySARCost",
    "cost_function_direction": "maximize",
    "simulation_data": "children_1_tubes_6_id_23713"
}